{
  "conditionalJson": {
    "combinator": "and",
    "rules": [
      {
        "id": "f4bce6d6-69b7-404b-8c8f-a6e04c3a966e",
        "field": "breakfix.priorityId",
        "operator": "=",
        "valueSource": "value",
        "value": {
          "id": "45",
          "value": "P1"
        }
      },
      {
        "id": "782e29e8-e707-4b32-98c2-d03ba3ac385c",
        "field": "breakfix.ciClassId",
        "operator": "=",
        "valueSource": "value",
        "value": {
          "id": "955",
          "value": "Base Class"
        }
      },
      {
        "id": "466c769e-a4b1-407a-8226-d8cf271eaf0e",
        "rules": [
          {
            "id": "cef30f63-2761-4437-b987-e0961e9ba448",
            "field": "breakfix.status",
            "operator": "=",
            "valueSource": "value",
            "value": {
              "id": "10",
              "value": "Submitted"
            }
          }
        ],
        "combinator": "and",
        "not": false
      },
      {
        "id": "469ceec3-ba80-4ce2-9122-25748f87186e",
        "field": "breakfix.serviceId",
        "operator": "=",
        "valueSource": "value",
        "value": {
          "id": "test",
          "value": "test"
        }
      }
    ]
  }
}